customer_id,age,annual_income_k,spending_score,purchase_frequency,avg_transaction_value,cluster,persona
1,60,41.4,35.1,8.1,53.2,2,Occasional Buyer
2,64,38.3,45.8,3.8,31.2,2,Occasional Buyer
3,48,36.2,32.1,5.9,48.1,2,Occasional Buyer
4,46,61.4,45.0,3.6,65.4,2,Occasional Buyer
5,32,110.1,96.2,36.0,196.5,1,High Roller
6,53,51.3,32.9,6.8,37.0,2,Occasional Buyer
7,55,42.4,37.3,9.0,70.4,2,Occasional Buyer
8,45,68.7,43.9,4.8,64.8,2,Occasional Buyer
9,49,54.8,71.6,29.4,64.5,3,Loyal Regular
10,30,17.0,23.1,3.9,39.5,0,Budget Shopper
11,30,51.6,67.6,25.2,146.2,3,Loyal Regular
12,30,27.4,27.3,3.4,38.1,0,Budget Shopper
13,52,46.1,48.4,7.6,55.4,2,Occasional Buyer
14,34,46.6,72.6,25.4,121.0,3,Loyal Regular
15,40,69.7,69.4,14.9,102.5,3,Loyal Regular
16,46,54.8,68.2,24.2,113.3,3,Loyal Regular
17,45,122.1,89.0,24.3,278.2,1,High Roller
18,38,71.9,75.5,12.7,104.8,3,Loyal Regular
19,43,70.8,74.0,21.2,123.4,3,Loyal Regular
20,51,118.5,71.3,30.8,387.9,1,High Roller
21,37,46.9,39.4,9.5,70.5,0,Budget Shopper
22,38,15.9,21.8,5.0,12.0,0,Budget Shopper
23,52,116.3,74.5,33.4,278.1,1,High Roller
24,46,57.5,48.1,7.5,38.1,2,Occasional Buyer
25,24,29.0,22.0,7.2,25.9,0,Budget Shopper
26,27,19.7,32.0,7.7,24.0,0,Budget Shopper
27,34,32.1,14.1,7.4,34.7,0,Budget Shopper
28,47,61.1,74.6,15.5,133.8,3,Loyal Regular
29,36,81.4,57.0,20.6,116.7,3,Loyal Regular
30,38,69.4,62.9,23.3,132.8,3,Loyal Regular
31,42,106.6,96.3,36.7,351.5,1,High Roller
32,32,29.3,17.0,6.4,15.6,0,Budget Shopper
33,28,45.4,30.6,8.7,30.7,0,Budget Shopper
34,52,102.3,87.5,24.3,300.3,1,High Roller
35,52,126.2,96.9,30.9,303.5,1,High Roller
36,36,21.6,24.9,1.4,24.9,0,Budget Shopper
37,60,63.9,43.6,9.9,57.0,2,Occasional Buyer
38,40,55.5,42.5,5.3,87.2,2,Occasional Buyer
39,31,70.7,68.1,17.7,102.3,3,Loyal Regular
40,22,35.7,16.8,7.8,23.7,0,Budget Shopper
41,51,111.2,91.7,15.4,235.3,1,High Roller
42,36,30.7,27.4,4.2,28.8,0,Budget Shopper
43,52,110.2,96.9,16.8,388.7,1,High Roller
44,31,71.2,71.0,17.5,137.4,3,Loyal Regular
45,37,135.7,97.6,30.0,385.2,1,High Roller
46,31,114.1,96.2,37.5,255.4,1,High Roller
47,45,86.4,57.3,17.1,120.5,3,Loyal Regular
48,43,35.8,40.8,9.2,80.8,2,Occasional Buyer
49,31,102.2,95.7,37.7,219.2,1,High Roller
50,47,67.4,73.3,18.2,96.7,3,Loyal Regular
51,32,61.3,49.5,5.7,53.9,0,Budget Shopper
52,40,73.7,74.2,17.5,104.3,3,Loyal Regular
53,44,114.9,88.5,32.6,289.9,1,High Roller
54,50,35.9,30.2,7.0,56.9,2,Occasional Buyer
55,31,35.2,25.8,7.1,34.1,0,Budget Shopper
56,38,39.4,20.3,1.2,20.4,0,Budget Shopper
57,63,48.5,53.0,7.6,73.7,2,Occasional Buyer
58,39,34.4,33.5,7.3,27.9,0,Budget Shopper
59,25,20.8,33.6,5.5,28.2,0,Budget Shopper
60,28,60.0,74.6,16.8,149.1,3,Loyal Regular
61,50,86.6,90.2,26.1,367.0,1,High Roller
62,30,32.6,19.0,3.1,34.3,0,Budget Shopper
63,52,39.4,37.6,4.3,63.8,2,Occasional Buyer
64,24,23.0,30.7,1.3,27.9,0,Budget Shopper
65,51,32.8,53.5,6.1,54.6,2,Occasional Buyer
66,55,62.2,49.3,6.4,34.0,2,Occasional Buyer
67,27,46.4,46.4,4.1,39.6,0,Budget Shopper
68,33,74.2,77.6,27.1,71.5,3,Loyal Regular
69,22,28.5,27.1,5.3,38.3,0,Budget Shopper
70,28,35.7,49.4,4.2,59.8,0,Budget Shopper
71,24,28.9,29.2,7.6,35.5,0,Budget Shopper
72,50,143.2,72.0,28.3,185.5,1,High Roller
73,53,50.0,30.3,2.1,51.4,2,Occasional Buyer
74,52,54.7,33.9,5.8,76.8,2,Occasional Buyer
75,43,128.2,81.9,27.0,321.5,1,High Roller
76,44,140.8,76.2,17.8,217.4,1,High Roller
77,57,38.6,36.8,4.0,33.8,2,Occasional Buyer
78,33,29.0,32.1,2.3,18.4,0,Budget Shopper
79,25,48.3,49.5,9.7,75.8,0,Budget Shopper
80,32,95.9,72.2,30.1,317.1,1,High Roller
81,53,47.6,54.5,6.1,36.9,2,Occasional Buyer
82,26,18.0,18.5,1.6,12.8,0,Budget Shopper
83,53,109.8,80.4,24.3,396.9,1,High Roller
84,35,39.5,14.4,1.1,32.9,0,Budget Shopper
85,39,93.0,97.5,25.6,171.8,1,High Roller
86,43,52.6,51.7,6.6,84.4,2,Occasional Buyer
87,35,54.0,74.6,28.0,95.9,3,Loyal Regular
88,39,50.5,30.1,9.5,54.9,0,Budget Shopper
89,49,81.3,62.1,28.7,147.3,3,Loyal Regular
90,54,149.1,74.1,32.4,251.1,1,High Roller
91,37,110.2,83.2,30.3,385.8,1,High Roller
92,51,131.7,94.2,36.1,213.5,1,High Roller
93,35,66.7,39.1,7.8,83.7,0,Budget Shopper
94,35,16.1,12.7,3.7,13.7,0,Budget Shopper
95,42,61.7,59.1,14.1,109.2,3,Loyal Regular
96,34,147.5,76.1,28.1,221.8,1,High Roller
97,42,85.5,67.7,21.0,64.5,3,Loyal Regular
98,26,20.8,24.5,7.0,36.4,0,Budget Shopper
99,22,19.3,13.9,2.8,26.5,0,Budget Shopper
100,38,41.2,75.9,29.5,72.2,3,Loyal Regular
101,26,58.3,39.7,3.8,65.8,0,Budget Shopper
102,35,90.2,81.0,16.7,156.5,3,Loyal Regular
103,35,47.9,78.7,27.8,141.6,3,Loyal Regular
104,38,94.0,84.7,16.6,295.5,1,High Roller
105,50,48.0,54.4,2.8,62.9,2,Occasional Buyer
106,46,67.6,30.2,8.2,67.5,2,Occasional Buyer
107,63,50.0,40.8,5.7,42.5,2,Occasional Buyer
108,35,80.2,57.1,18.9,93.7,3,Loyal Regular
109,30,17.9,20.4,7.0,37.7,0,Budget Shopper
110,30,59.1,76.0,14.6,105.5,3,Loyal Regular
111,45,44.3,50.1,4.2,42.6,2,Occasional Buyer
112,47,67.3,65.4,14.9,75.4,3,Loyal Regular
113,33,43.2,64.9,20.5,100.6,3,Loyal Regular
114,33,52.6,76.1,20.7,106.3,3,Loyal Regular
115,30,34.0,25.5,1.7,12.5,0,Budget Shopper
116,37,141.4,96.4,36.8,209.7,1,High Roller
117,36,30.6,18.4,6.8,20.9,0,Budget Shopper
118,30,81.9,71.8,24.5,92.7,3,Loyal Regular
119,27,55.3,44.4,7.6,30.4,0,Budget Shopper
120,40,114.2,90.0,18.5,157.5,1,High Roller
121,44,45.3,57.9,28.9,138.5,3,Loyal Regular
122,51,119.3,85.7,17.9,365.0,1,High Roller
123,55,60.6,45.6,8.1,32.3,2,Occasional Buyer
124,51,132.4,74.4,17.6,292.7,1,High Roller
125,25,28.9,28.9,2.8,15.8,0,Budget Shopper
126,30,55.8,39.9,7.7,42.0,0,Budget Shopper
127,35,61.7,51.3,3.9,87.6,0,Budget Shopper
128,49,142.3,72.4,33.3,196.9,1,High Roller
129,41,46.7,57.4,27.0,142.7,3,Loyal Regular
130,41,85.6,69.1,15.3,72.6,3,Loyal Regular
131,25,37.0,51.7,4.3,87.0,0,Budget Shopper
132,28,64.6,59.9,23.7,130.3,3,Loyal Regular
133,37,124.6,91.2,15.8,384.1,1,High Roller
134,44,59.6,75.1,18.1,100.0,3,Loyal Regular
135,54,30.4,54.9,7.4,79.7,2,Occasional Buyer
136,24,21.4,25.3,1.6,10.2,0,Budget Shopper
137,24,36.9,22.9,7.8,28.1,0,Budget Shopper
138,33,30.7,31.8,7.9,33.0,0,Budget Shopper
139,28,37.7,16.8,5.5,10.0,0,Budget Shopper
140,39,29.3,13.2,6.7,34.6,0,Budget Shopper
141,25,20.9,18.1,6.2,29.5,0,Budget Shopper
142,36,34.9,27.3,2.5,12.5,0,Budget Shopper
143,29,32.2,46.1,9.8,34.2,0,Budget Shopper
144,34,139.8,84.8,21.2,367.7,1,High Roller
145,41,84.2,65.4,19.0,119.4,3,Loyal Regular
146,32,78.2,68.1,16.1,120.0,3,Loyal Regular
147,43,42.1,65.5,15.0,139.1,3,Loyal Regular
148,24,29.9,19.6,1.5,34.6,0,Budget Shopper
149,36,49.9,56.6,28.0,97.8,3,Loyal Regular
150,44,122.8,82.3,36.0,375.0,1,High Roller
151,53,37.0,32.9,5.6,66.7,2,Occasional Buyer
152,36,34.9,13.7,2.6,31.7,0,Budget Shopper
153,44,63.0,75.7,26.9,123.8,3,Loyal Regular
154,51,100.3,93.6,17.8,239.0,1,High Roller
155,40,60.6,59.9,21.2,71.7,3,Loyal Regular
156,42,147.4,91.8,22.6,357.3,1,High Roller
157,31,113.5,70.8,23.5,245.0,1,High Roller
158,61,51.7,49.0,4.5,54.9,2,Occasional Buyer
159,27,16.3,23.3,4.8,29.1,0,Budget Shopper
160,33,52.6,62.7,23.0,140.8,3,Loyal Regular
161,27,45.7,48.9,9.3,87.1,0,Budget Shopper
162,28,78.7,77.9,15.4,143.0,3,Loyal Regular
163,28,47.4,48.1,2.1,65.4,0,Budget Shopper
164,41,51.9,46.8,7.6,42.2,2,Occasional Buyer
165,32,73.1,70.8,22.7,61.5,3,Loyal Regular
166,45,66.1,31.9,8.6,50.9,2,Occasional Buyer
167,47,97.1,94.9,36.6,342.1,1,High Roller
168,53,47.9,31.8,7.8,66.5,2,Occasional Buyer
169,31,91.6,88.5,28.1,317.5,1,High Roller
170,31,116.9,77.4,26.9,248.6,1,High Roller
171,51,147.5,77.5,18.3,254.6,1,High Roller
172,32,111.3,84.2,29.8,284.3,1,High Roller
173,29,15.6,22.5,4.3,34.9,0,Budget Shopper
174,47,40.1,64.4,22.3,103.1,3,Loyal Regular
175,45,100.8,91.6,38.9,330.3,1,High Roller
176,30,102.6,95.0,30.7,199.7,1,High Roller
177,41,82.3,97.6,30.4,349.1,1,High Roller
178,40,128.6,95.8,34.5,159.9,1,High Roller
179,30,40.8,72.0,13.4,97.9,3,Loyal Regular
180,25,38.1,38.2,6.4,64.5,0,Budget Shopper
181,46,128.6,86.0,26.2,171.1,1,High Roller
182,46,41.8,41.5,5.3,73.3,2,Occasional Buyer
183,37,123.7,81.5,20.1,180.3,1,High Roller
184,37,68.9,35.5,7.9,75.8,0,Budget Shopper
185,48,83.3,62.2,20.4,115.7,3,Loyal Regular
186,27,24.9,34.2,7.1,34.5,0,Budget Shopper
187,48,93.4,76.4,27.1,338.6,1,High Roller
188,50,139.1,72.9,27.2,187.5,1,High Roller
189,44,46.7,61.5,19.5,113.9,3,Loyal Regular
190,49,50.6,52.6,9.1,79.1,2,Occasional Buyer
191,43,54.8,61.4,17.9,74.8,3,Loyal Regular
192,39,55.7,61.2,24.6,92.8,3,Loyal Regular
193,41,66.8,44.6,6.3,46.1,2,Occasional Buyer
194,34,18.9,25.6,4.3,20.3,0,Budget Shopper
195,24,36.8,10.5,7.1,25.9,0,Budget Shopper
196,40,131.8,98.5,20.1,291.4,1,High Roller
197,31,126.9,72.1,31.0,217.8,1,High Roller
198,39,25.5,29.9,6.2,11.6,0,Budget Shopper
199,40,33.1,43.6,7.7,40.0,0,Budget Shopper
200,24,39.8,20.3,3.6,33.3,0,Budget Shopper
201,28,27.4,17.5,3.0,11.1,0,Budget Shopper
202,43,50.9,37.5,2.6,60.0,2,Occasional Buyer
203,53,45.5,46.6,4.8,53.4,2,Occasional Buyer
204,35,59.2,46.2,8.4,75.2,0,Budget Shopper
205,42,66.5,59.0,22.3,132.5,3,Loyal Regular
206,51,41.0,45.6,9.9,53.2,2,Occasional Buyer
207,29,36.0,32.8,1.9,17.1,0,Budget Shopper
208,48,41.3,68.8,21.4,149.5,3,Loyal Regular
209,44,83.1,73.7,29.0,235.8,1,High Roller
210,43,62.1,74.9,25.0,122.1,3,Loyal Regular
211,26,30.3,20.5,2.7,20.7,0,Budget Shopper
212,35,22.2,24.5,2.1,24.4,0,Budget Shopper
213,46,56.6,74.1,19.4,118.8,3,Loyal Regular
214,29,86.3,65.5,12.9,63.5,3,Loyal Regular
215,27,54.7,48.6,7.9,61.3,0,Budget Shopper
216,30,95.9,80.6,16.7,279.8,1,High Roller
217,44,47.8,50.1,2.1,85.5,2,Occasional Buyer
218,36,25.5,26.0,3.8,18.2,0,Budget Shopper
219,39,80.7,62.0,14.4,99.6,3,Loyal Regular
220,31,69.8,50.6,8.8,44.9,0,Budget Shopper
221,36,80.4,79.7,24.2,249.0,1,High Roller
222,35,61.6,40.4,3.3,58.5,0,Budget Shopper
223,28,63.8,76.2,18.9,75.1,3,Loyal Regular
224,35,37.9,19.3,1.1,37.8,0,Budget Shopper
225,43,69.1,65.0,18.1,71.4,3,Loyal Regular
226,23,33.0,33.5,1.0,39.8,0,Budget Shopper
227,38,65.3,50.6,7.8,46.3,0,Budget Shopper
228,43,142.9,94.9,22.9,388.2,1,High Roller
229,40,59.7,70.1,26.4,102.3,3,Loyal Regular
230,40,49.1,33.6,7.7,70.0,0,Budget Shopper
231,47,116.1,97.6,27.4,398.0,1,High Roller
232,31,85.9,57.7,16.2,127.5,3,Loyal Regular
233,36,136.2,87.2,27.8,223.4,1,High Roller
234,50,63.9,37.9,4.2,88.9,2,Occasional Buyer
235,26,30.8,25.8,4.8,12.7,0,Budget Shopper
236,22,21.0,13.6,4.4,39.6,0,Budget Shopper
237,26,39.8,11.5,7.2,25.5,0,Budget Shopper
238,32,51.6,65.1,16.8,77.9,3,Loyal Regular
239,31,18.5,16.6,2.9,32.0,0,Budget Shopper
240,37,125.6,86.0,23.1,233.3,1,High Roller
241,22,22.6,23.1,4.0,18.7,0,Budget Shopper
242,29,31.0,29.0,6.1,29.1,0,Budget Shopper
243,48,70.0,33.8,8.5,42.4,2,Occasional Buyer
244,44,56.4,60.2,13.5,102.0,3,Loyal Regular
245,50,106.6,86.5,29.9,286.4,1,High Roller
246,25,20.7,26.8,5.3,20.7,0,Budget Shopper
247,32,83.6,93.6,20.0,214.7,3,Loyal Regular
248,25,25.4,34.2,4.8,22.7,0,Budget Shopper
249,37,34.7,12.3,4.5,11.7,0,Budget Shopper
250,41,138.0,82.9,21.2,304.3,1,High Roller
251,35,31.9,22.1,4.5,12.5,0,Budget Shopper
252,49,81.1,73.8,25.2,138.9,3,Loyal Regular
253,48,81.0,69.2,23.8,140.9,3,Loyal Regular
254,49,72.4,56.5,26.6,144.6,3,Loyal Regular
255,51,121.5,81.7,25.3,323.9,1,High Roller
256,33,109.7,90.0,17.4,306.0,1,High Roller
257,44,48.7,30.9,9.8,86.9,2,Occasional Buyer
258,42,69.9,64.6,27.4,145.7,3,Loyal Regular
259,39,89.2,74.9,25.6,121.3,3,Loyal Regular
260,33,27.9,24.8,1.3,28.2,0,Budget Shopper
261,44,38.6,47.3,6.8,67.1,2,Occasional Buyer
262,43,121.9,78.9,22.5,335.8,1,High Roller
263,24,37.5,11.1,3.0,38.5,0,Budget Shopper
264,36,122.9,79.0,38.4,386.8,1,High Roller
265,43,87.1,90.8,16.6,277.4,1,High Roller
266,29,55.9,77.4,23.6,85.9,3,Loyal Regular
267,44,43.8,77.4,26.3,74.2,3,Loyal Regular
268,42,120.8,92.4,35.3,314.1,1,High Roller
269,57,41.4,40.8,7.5,49.9,2,Occasional Buyer
270,40,83.1,73.3,30.0,173.8,3,Loyal Regular
271,30,108.3,79.6,33.7,253.2,1,High Roller
272,37,23.5,23.4,4.2,27.5,0,Budget Shopper
273,45,48.6,77.0,22.1,138.3,3,Loyal Regular
274,32,101.8,79.6,33.1,336.5,1,High Roller
275,51,46.3,50.7,8.1,64.4,2,Occasional Buyer
276,29,33.9,20.6,2.5,27.0,0,Budget Shopper
277,25,33.0,17.4,5.0,24.3,0,Budget Shopper
278,53,40.2,37.4,6.8,32.0,2,Occasional Buyer
279,38,16.3,34.0,6.9,20.6,0,Budget Shopper
280,42,60.1,77.1,28.1,141.8,3,Loyal Regular
281,58,57.9,39.9,9.6,88.0,2,Occasional Buyer
282,28,52.6,69.4,18.5,134.1,3,Loyal Regular
283,34,34.5,12.7,6.3,26.2,0,Budget Shopper
284,31,88.6,76.9,16.3,310.0,1,High Roller
285,33,29.3,30.1,4.8,29.8,0,Budget Shopper
286,48,45.2,39.3,6.9,68.0,2,Occasional Buyer
287,33,116.9,82.8,18.3,371.7,1,High Roller
288,53,86.1,91.6,25.5,376.3,1,High Roller
289,23,26.4,19.8,2.9,24.3,0,Budget Shopper
290,33,69.5,56.7,27.0,76.0,3,Loyal Regular
291,40,52.7,71.1,17.0,104.5,3,Loyal Regular
292,47,41.4,68.1,15.9,149.0,3,Loyal Regular
293,31,35.7,52.3,4.8,39.3,0,Budget Shopper
294,37,98.4,71.4,29.2,221.0,1,High Roller
295,35,98.2,92.8,18.4,283.8,1,High Roller
296,46,100.0,82.9,21.7,347.3,1,High Roller
297,49,43.0,70.8,25.8,149.5,3,Loyal Regular
298,54,126.8,83.9,25.3,312.7,1,High Roller
299,30,15.4,15.8,2.7,30.5,0,Budget Shopper
300,27,33.8,27.7,6.5,14.3,0,Budget Shopper
301,60,55.0,31.8,7.5,44.5,2,Occasional Buyer
302,37,115.5,87.9,15.8,240.9,1,High Roller
303,38,107.8,72.6,30.4,178.5,1,High Roller
304,34,148.7,77.7,31.4,199.5,1,High Roller
305,43,62.6,60.0,15.0,81.6,3,Loyal Regular
306,43,49.9,61.2,17.5,110.0,3,Loyal Regular
307,35,83.7,81.4,24.1,398.9,1,High Roller
308,32,55.4,39.7,7.4,45.6,0,Budget Shopper
309,30,47.0,65.4,21.9,96.2,3,Loyal Regular
310,58,37.3,40.9,4.7,50.5,2,Occasional Buyer
311,51,68.2,42.4,6.1,58.9,2,Occasional Buyer
312,31,30.1,31.1,4.7,68.0,0,Budget Shopper
313,38,51.9,40.8,2.4,39.9,0,Budget Shopper
314,30,47.2,35.0,6.1,74.2,0,Budget Shopper
315,51,138.0,80.1,19.3,328.0,1,High Roller
316,44,92.2,95.7,20.7,359.3,1,High Roller
317,24,38.9,31.6,6.7,29.7,0,Budget Shopper
318,54,96.3,72.4,34.4,180.5,1,High Roller
319,53,46.9,32.1,6.9,82.9,2,Occasional Buyer
320,34,30.6,32.1,5.3,17.0,0,Budget Shopper
321,26,21.0,27.0,6.2,17.1,0,Budget Shopper
322,30,33.8,30.0,6.8,15.6,0,Budget Shopper
323,42,134.8,87.0,33.5,369.6,1,High Roller
324,43,55.1,36.2,3.3,41.2,2,Occasional Buyer
325,28,44.4,79.8,21.7,148.6,3,Loyal Regular
326,50,31.6,30.8,5.1,39.6,2,Occasional Buyer
327,52,98.4,80.8,17.2,384.2,1,High Roller
328,41,131.1,96.5,31.8,214.5,1,High Roller
329,40,46.4,33.3,2.2,51.6,0,Budget Shopper
330,26,24.1,26.1,5.0,20.7,0,Budget Shopper
331,37,56.2,50.6,2.5,76.6,0,Budget Shopper
332,52,136.9,91.5,38.9,154.6,1,High Roller
333,46,36.2,45.9,6.8,40.8,2,Occasional Buyer
334,36,41.5,37.7,4.8,67.3,0,Budget Shopper
335,28,34.9,14.6,6.5,27.9,0,Budget Shopper
336,31,99.1,82.4,18.0,195.3,3,Loyal Regular
337,46,31.3,52.0,3.9,63.4,2,Occasional Buyer
338,29,67.6,32.1,9.4,79.6,0,Budget Shopper
339,49,73.3,79.7,16.1,95.1,3,Loyal Regular
340,25,63.8,45.3,2.7,59.3,0,Budget Shopper
341,46,82.8,88.1,37.7,209.7,1,High Roller
342,33,116.2,83.2,18.7,232.0,1,High Roller
343,38,19.5,34.0,2.0,22.4,0,Budget Shopper
344,38,29.9,34.7,4.8,37.7,0,Budget Shopper
345,31,104.9,93.5,28.9,151.3,1,High Roller
346,44,81.5,89.9,39.1,290.0,1,High Roller
347,48,60.4,53.8,7.6,47.9,2,Occasional Buyer
348,31,79.2,61.9,28.9,71.2,3,Loyal Regular
349,33,29.0,20.6,7.3,13.3,0,Budget Shopper
350,40,51.2,56.7,26.9,82.9,3,Loyal Regular
351,35,35.8,19.9,5.7,16.1,0,Budget Shopper
352,44,98.0,83.9,36.7,331.8,1,High Roller
353,49,46.8,59.9,15.2,83.6,2,Occasional Buyer
354,26,37.2,16.5,1.1,38.0,0,Budget Shopper
355,32,111.7,98.0,22.9,276.8,1,High Roller
356,25,23.9,26.2,4.4,27.5,0,Budget Shopper
357,43,107.6,89.5,17.7,314.5,1,High Roller
358,38,81.5,91.6,25.4,172.2,3,Loyal Regular
359,36,118.3,77.0,24.8,298.6,1,High Roller
360,26,15.1,12.9,4.3,28.2,0,Budget Shopper
361,53,103.7,79.3,38.7,391.8,1,High Roller
362,45,68.5,45.5,9.4,75.7,2,Occasional Buyer
363,27,21.1,14.0,2.3,18.6,0,Budget Shopper
364,48,111.5,92.5,31.3,305.2,1,High Roller
365,38,29.4,25.2,4.0,32.1,0,Budget Shopper
366,30,25.1,11.6,2.8,17.4,0,Budget Shopper
367,44,72.7,59.8,17.3,115.8,3,Loyal Regular
368,23,30.0,26.6,2.2,37.4,0,Budget Shopper
369,50,130.8,94.5,20.3,276.5,1,High Roller
370,44,87.2,74.1,12.1,60.1,3,Loyal Regular
371,28,23.7,28.4,4.2,16.7,0,Budget Shopper
372,61,59.9,33.8,3.7,57.8,2,Occasional Buyer
373,25,25.6,22.7,2.7,13.4,0,Budget Shopper
374,29,27.6,24.9,1.5,32.5,0,Budget Shopper
375,30,16.6,33.7,7.8,34.3,0,Budget Shopper
376,41,64.5,37.8,6.3,80.4,2,Occasional Buyer
377,39,148.0,79.9,27.1,199.0,1,High Roller
378,33,24.7,34.0,7.3,15.9,0,Budget Shopper
379,38,81.3,69.7,18.4,132.0,3,Loyal Regular
380,43,60.2,73.8,21.6,121.0,3,Loyal Regular
381,34,30.4,34.5,5.4,17.8,0,Budget Shopper
382,24,23.7,33.2,6.8,39.0,0,Budget Shopper
383,33,50.7,56.7,22.7,126.5,3,Loyal Regular
384,37,32.7,30.9,5.9,30.4,0,Budget Shopper
385,35,30.0,32.6,7.9,32.3,0,Budget Shopper
386,31,57.9,79.7,24.3,145.4,3,Loyal Regular
387,60,45.7,43.1,6.1,39.9,2,Occasional Buyer
388,23,28.9,24.7,5.0,21.4,0,Budget Shopper
389,37,51.0,55.0,28.5,135.9,3,Loyal Regular
390,32,84.2,73.5,17.0,85.3,3,Loyal Regular
391,33,35.8,18.6,6.4,20.9,0,Budget Shopper
392,32,38.4,29.6,5.7,27.4,0,Budget Shopper
393,41,40.3,45.1,5.5,76.5,2,Occasional Buyer
394,38,21.0,15.1,2.8,18.2,0,Budget Shopper
395,32,36.5,41.9,7.7,44.8,0,Budget Shopper
396,25,35.0,26.2,5.9,33.9,0,Budget Shopper
397,52,96.5,81.1,16.6,350.3,1,High Roller
398,38,136.3,85.2,39.2,254.4,1,High Roller
399,31,40.0,76.8,26.3,116.5,3,Loyal Regular
400,29,63.0,79.7,20.7,148.8,3,Loyal Regular
401,33,25.4,32.1,3.3,13.7,0,Budget Shopper
402,51,142.5,75.6,17.0,209.9,1,High Roller
403,54,69.2,45.1,4.9,68.9,2,Occasional Buyer
404,39,35.7,48.8,8.2,69.5,0,Budget Shopper
405,41,31.2,31.3,3.1,42.8,0,Budget Shopper
406,56,50.7,33.5,7.4,67.2,2,Occasional Buyer
407,28,41.1,79.7,12.7,147.1,3,Loyal Regular
408,32,144.9,77.0,25.0,188.1,1,High Roller
409,22,22.9,14.2,4.9,38.1,0,Budget Shopper
410,30,60.2,41.5,4.3,84.0,0,Budget Shopper
411,43,38.1,39.9,2.3,58.5,2,Occasional Buyer
412,33,81.1,77.6,21.4,100.6,3,Loyal Regular
413,35,68.9,77.6,26.7,128.1,3,Loyal Regular
414,43,128.5,94.6,16.0,317.6,1,High Roller
415,32,85.1,60.4,27.9,110.3,3,Loyal Regular
416,56,57.0,30.1,5.7,64.3,2,Occasional Buyer
417,56,58.6,52.0,7.9,71.8,2,Occasional Buyer
418,39,60.5,59.1,16.0,88.6,3,Loyal Regular
419,36,31.5,48.6,6.4,33.5,0,Budget Shopper
420,40,143.1,89.6,22.9,213.6,1,High Roller
421,26,39.3,31.2,6.1,17.1,0,Budget Shopper
422,34,45.6,31.7,7.1,74.0,0,Budget Shopper
423,48,141.6,87.2,15.7,318.9,1,High Roller
424,31,43.9,39.3,2.0,48.0,0,Budget Shopper
425,38,119.2,92.5,28.9,288.1,1,High Roller
426,35,107.5,98.7,18.3,175.5,1,High Roller
427,26,22.3,18.2,5.7,32.6,0,Budget Shopper
428,37,39.4,22.9,3.3,33.9,0,Budget Shopper
429,59,40.7,37.2,7.3,88.1,2,Occasional Buyer
430,35,130.3,76.9,39.9,393.7,1,High Roller
431,40,141.9,83.3,23.3,262.2,1,High Roller
432,32,105.7,82.4,35.7,333.4,1,High Roller
433,40,123.4,89.5,18.8,165.3,1,High Roller
434,43,143.3,77.0,35.2,164.8,1,High Roller
435,39,149.4,78.5,24.0,246.0,1,High Roller
436,37,33.7,23.5,5.1,39.0,0,Budget Shopper
437,37,17.2,25.8,6.2,35.4,0,Budget Shopper
438,53,102.1,90.6,25.9,213.7,1,High Roller
439,43,54.1,62.5,17.0,129.4,3,Loyal Regular
440,49,35.2,44.0,8.2,72.5,2,Occasional Buyer
441,24,35.7,30.0,5.4,16.5,0,Budget Shopper
442,37,59.9,41.8,2.5,87.5,0,Budget Shopper
443,38,65.5,58.0,17.6,132.2,3,Loyal Regular
444,27,38.6,44.9,6.8,52.3,0,Budget Shopper
445,39,34.1,34.7,8.3,72.9,0,Budget Shopper
446,53,49.3,52.4,7.4,38.2,2,Occasional Buyer
447,31,55.3,35.0,5.3,75.1,0,Budget Shopper
448,27,34.1,12.6,3.3,12.3,0,Budget Shopper
449,51,50.6,43.4,4.9,51.2,2,Occasional Buyer
450,56,65.6,36.0,4.8,36.3,2,Occasional Buyer
451,36,40.4,40.9,6.7,34.4,0,Budget Shopper
452,28,55.7,57.4,15.2,148.9,3,Loyal Regular
453,39,126.0,79.3,33.6,353.8,1,High Roller
454,25,38.0,29.8,1.2,29.5,0,Budget Shopper
455,35,20.8,13.3,7.1,38.9,0,Budget Shopper
456,44,41.1,36.9,5.5,88.8,2,Occasional Buyer
457,35,67.2,58.4,28.1,66.7,3,Loyal Regular
458,29,57.1,50.9,8.9,74.9,0,Budget Shopper
459,48,92.2,73.0,31.5,341.1,1,High Roller
460,46,110.5,98.1,32.7,307.8,1,High Roller
461,34,20.4,19.4,1.3,28.5,0,Budget Shopper
462,23,35.1,32.6,5.3,39.4,0,Budget Shopper
463,44,34.1,42.6,3.8,32.3,2,Occasional Buyer
464,44,49.1,79.1,19.7,116.9,3,Loyal Regular
465,32,100.8,87.0,32.2,368.3,1,High Roller
466,39,39.7,13.8,5.2,21.4,0,Budget Shopper
467,39,29.7,19.8,4.1,37.1,0,Budget Shopper
468,45,106.0,82.9,36.1,217.0,1,High Roller
469,57,65.7,31.6,9.1,56.9,2,Occasional Buyer
470,44,98.2,97.2,31.8,290.1,1,High Roller
471,39,103.4,70.8,15.6,357.9,1,High Roller
472,29,17.9,26.2,6.2,27.5,0,Budget Shopper
473,38,82.2,63.1,24.4,146.5,3,Loyal Regular
474,38,38.7,34.7,6.3,21.3,0,Budget Shopper
475,42,124.4,92.6,19.3,252.4,1,High Roller
476,34,56.0,69.9,29.9,99.2,3,Loyal Regular
477,37,87.3,76.1,17.3,66.9,3,Loyal Regular
478,28,81.6,75.1,27.6,65.4,3,Loyal Regular
479,48,63.1,31.2,7.8,76.4,2,Occasional Buyer
480,53,49.2,46.6,2.9,47.3,2,Occasional Buyer
481,54,43.0,47.8,8.5,40.9,2,Occasional Buyer
482,34,39.2,11.1,7.2,25.8,0,Budget Shopper
483,37,23.2,24.3,4.6,38.8,0,Budget Shopper
484,49,102.9,74.5,22.6,369.2,1,High Roller
485,38,46.3,40.2,2.5,50.9,0,Budget Shopper
486,39,27.1,21.2,8.0,15.3,0,Budget Shopper
487,37,17.5,26.6,1.0,14.8,0,Budget Shopper
488,43,87.3,91.7,29.5,218.5,1,High Roller
489,29,30.2,19.5,6.2,16.2,0,Budget Shopper
490,33,127.1,78.3,22.7,347.2,1,High Roller
491,47,74.1,62.9,14.4,116.9,3,Loyal Regular
492,51,46.6,51.2,9.2,82.6,2,Occasional Buyer
493,36,52.6,68.0,21.4,113.0,3,Loyal Regular
494,30,21.5,21.3,1.2,18.4,0,Budget Shopper
495,40,84.7,91.2,28.6,170.4,1,High Roller
496,39,36.7,20.2,4.9,17.6,0,Budget Shopper
497,52,89.1,90.6,17.3,157.3,3,Loyal Regular
498,51,98.3,77.4,37.7,212.4,1,High Roller
499,46,47.4,57.3,26.7,140.5,3,Loyal Regular
500,46,81.6,79.4,20.5,66.0,3,Loyal Regular
501,50,65.8,35.1,6.1,55.2,2,Occasional Buyer
502,24,24.3,16.8,5.5,22.3,0,Budget Shopper
503,51,138.3,70.3,33.7,339.7,1,High Roller
504,49,50.9,78.4,20.4,100.1,3,Loyal Regular
505,46,72.9,68.3,13.9,75.5,3,Loyal Regular
506,32,78.3,72.3,29.4,95.4,3,Loyal Regular
507,31,48.1,34.6,8.8,83.0,0,Budget Shopper
508,49,88.5,75.9,37.2,311.5,1,High Roller
509,41,42.9,58.4,12.0,141.3,3,Loyal Regular
510,31,88.5,78.3,25.3,85.1,3,Loyal Regular
511,50,121.3,83.0,39.6,187.4,1,High Roller
512,51,30.9,44.6,8.7,62.9,2,Occasional Buyer
513,52,112.6,71.8,29.1,389.4,1,High Roller
514,24,34.8,25.1,7.5,29.5,0,Budget Shopper
515,30,109.7,74.6,20.9,367.3,1,High Roller
516,40,51.6,61.6,22.0,78.0,3,Loyal Regular
517,34,18.0,11.2,3.7,11.1,0,Budget Shopper
518,29,17.6,30.0,2.2,29.6,0,Budget Shopper
519,28,42.8,61.4,21.5,75.4,3,Loyal Regular
520,25,38.6,25.0,5.9,36.4,0,Budget Shopper
521,53,100.8,82.9,19.3,168.7,1,High Roller
522,48,61.6,37.7,9.3,87.2,2,Occasional Buyer
523,41,44.5,70.0,18.1,142.6,3,Loyal Regular
524,49,123.7,72.7,33.9,181.9,1,High Roller
525,49,118.1,92.8,33.9,154.5,1,High Roller
526,34,35.6,36.4,9.0,41.0,0,Budget Shopper
527,31,80.9,78.3,13.7,100.5,3,Loyal Regular
528,38,38.8,21.2,2.3,26.3,0,Budget Shopper
529,57,47.2,51.9,6.8,44.8,2,Occasional Buyer
530,38,17.1,23.2,4.1,34.1,0,Budget Shopper
531,58,45.8,53.3,3.0,74.2,2,Occasional Buyer
532,28,23.7,21.6,5.5,11.4,0,Budget Shopper
533,57,68.8,40.9,3.9,72.3,2,Occasional Buyer
534,30,134.1,73.9,39.2,263.4,1,High Roller
535,34,45.9,59.2,18.3,128.6,3,Loyal Regular
536,53,112.5,97.3,28.5,274.5,1,High Roller
537,27,23.3,28.3,5.9,15.0,0,Budget Shopper
538,38,31.4,19.6,5.8,20.2,0,Budget Shopper
539,51,59.5,37.2,8.4,89.8,2,Occasional Buyer
540,38,137.3,86.2,32.8,228.6,1,High Roller
541,30,28.5,25.8,2.8,14.2,0,Budget Shopper
542,37,141.0,83.0,16.1,190.4,1,High Roller
543,31,18.2,18.4,6.2,14.8,0,Budget Shopper
544,54,124.5,71.5,21.4,164.9,1,High Roller
545,26,39.5,22.3,3.3,29.0,0,Budget Shopper
546,36,49.1,63.0,19.5,141.7,3,Loyal Regular
547,58,40.4,34.9,2.5,50.5,2,Occasional Buyer
548,36,42.6,59.0,18.0,66.9,3,Loyal Regular
549,52,39.1,45.9,3.8,49.3,2,Occasional Buyer
550,35,30.5,19.2,4.2,32.4,0,Budget Shopper
551,38,38.7,13.7,7.5,24.8,0,Budget Shopper
552,49,111.0,88.2,30.8,297.9,1,High Roller
553,32,47.0,43.7,6.2,51.0,0,Budget Shopper
554,33,37.2,10.7,5.1,23.2,0,Budget Shopper
555,43,89.7,70.1,17.5,135.4,3,Loyal Regular
556,48,60.7,78.9,21.7,114.5,3,Loyal Regular
557,39,145.1,77.6,34.5,356.3,1,High Roller
558,33,121.8,93.5,27.0,160.2,1,High Roller
559,35,29.7,34.5,4.4,37.2,0,Budget Shopper
560,31,89.3,95.9,38.1,271.8,1,High Roller
561,25,34.3,11.7,6.9,23.1,0,Budget Shopper
562,45,44.9,72.7,18.2,60.6,3,Loyal Regular
563,42,83.5,57.1,15.8,127.7,3,Loyal Regular
564,61,60.4,54.2,5.5,46.7,2,Occasional Buyer
565,30,137.7,80.7,23.1,394.4,1,High Roller
566,52,88.6,91.8,23.1,399.3,1,High Roller
567,43,43.4,48.7,6.6,89.2,2,Occasional Buyer
568,38,102.2,96.1,24.4,224.2,1,High Roller
569,45,115.5,74.8,16.6,179.4,1,High Roller
570,46,79.4,77.6,16.8,133.1,3,Loyal Regular
571,35,28.1,19.0,7.1,21.8,0,Budget Shopper
572,32,38.0,11.5,2.9,34.2,0,Budget Shopper
573,28,45.8,72.1,29.1,72.3,3,Loyal Regular
574,38,28.8,24.3,7.9,12.3,0,Budget Shopper
575,42,145.6,96.3,21.9,362.9,1,High Roller
576,33,76.4,62.9,19.1,81.3,3,Loyal Regular
577,32,29.8,19.2,4.2,26.5,0,Budget Shopper
578,30,131.6,85.8,15.8,367.1,1,High Roller
579,50,82.0,75.0,19.5,246.9,1,High Roller
580,59,68.1,35.7,9.0,78.5,2,Occasional Buyer
581,52,124.7,85.5,29.8,348.4,1,High Roller
582,35,27.3,23.1,4.0,10.8,0,Budget Shopper
583,32,43.5,64.9,15.3,74.1,3,Loyal Regular
584,45,68.0,78.6,13.5,82.9,3,Loyal Regular
585,28,62.2,73.8,21.6,108.4,3,Loyal Regular
586,33,114.7,75.3,32.1,397.8,1,High Roller
587,55,39.3,37.0,8.4,85.8,2,Occasional Buyer
588,25,42.5,42.1,6.1,53.2,0,Budget Shopper
589,37,28.9,23.2,2.7,12.8,0,Budget Shopper
590,35,32.9,23.2,4.7,24.4,0,Budget Shopper
591,36,27.2,29.3,5.8,23.4,0,Budget Shopper
592,44,40.5,76.4,25.2,145.2,3,Loyal Regular
593,60,55.3,39.3,4.2,43.9,2,Occasional Buyer
594,35,58.6,74.6,16.6,144.5,3,Loyal Regular
595,47,64.1,74.4,24.1,125.2,3,Loyal Regular
596,36,30.5,23.3,7.3,33.7,0,Budget Shopper
597,30,97.7,80.8,24.5,301.4,1,High Roller
598,29,46.8,49.5,5.8,59.9,0,Budget Shopper
599,60,51.9,52.0,7.4,62.8,2,Occasional Buyer
600,55,42.3,50.6,2.5,55.1,2,Occasional Buyer
601,26,33.2,25.9,7.2,24.2,0,Budget Shopper
602,35,18.7,13.3,5.8,35.3,0,Budget Shopper
603,45,119.0,77.7,22.6,333.0,1,High Roller
604,54,80.1,87.9,30.2,211.9,1,High Roller
605,52,66.6,51.5,2.3,77.2,2,Occasional Buyer
606,43,80.6,75.6,26.3,89.1,3,Loyal Regular
607,26,15.5,32.9,1.8,27.3,0,Budget Shopper
608,27,26.3,32.8,3.1,25.7,0,Budget Shopper
609,60,68.9,41.2,3.3,40.8,2,Occasional Buyer
610,48,56.2,33.8,9.0,62.3,2,Occasional Buyer
611,36,33.0,30.1,7.9,28.1,0,Budget Shopper
612,47,122.3,79.5,36.7,398.3,1,High Roller
613,35,86.0,56.0,17.2,78.7,3,Loyal Regular
614,35,30.5,32.0,4.5,30.9,0,Budget Shopper
615,36,31.7,44.5,5.6,86.9,0,Budget Shopper
616,27,30.5,40.2,7.2,30.9,0,Budget Shopper
617,44,55.2,58.5,23.0,87.6,3,Loyal Regular
618,60,66.3,33.3,6.7,65.9,2,Occasional Buyer
619,45,62.0,77.0,21.1,105.7,3,Loyal Regular
620,28,33.0,17.7,4.8,25.3,0,Budget Shopper
621,45,59.2,60.4,20.0,64.4,3,Loyal Regular
622,27,28.4,19.5,4.2,28.1,0,Budget Shopper
623,35,44.7,79.1,14.4,73.7,3,Loyal Regular
624,22,24.1,24.5,5.4,10.4,0,Budget Shopper
625,28,36.3,21.2,1.7,21.1,0,Budget Shopper
626,58,36.7,36.2,8.7,51.4,2,Occasional Buyer
627,37,22.0,10.6,5.5,15.3,0,Budget Shopper
628,33,40.3,66.1,13.5,121.4,3,Loyal Regular
629,34,79.0,69.1,16.7,122.5,3,Loyal Regular
630,41,59.4,37.5,4.6,77.6,2,Occasional Buyer
631,36,70.2,64.7,27.5,87.8,3,Loyal Regular
632,46,80.5,76.6,15.9,177.0,3,Loyal Regular
633,46,107.4,99.1,21.5,314.2,1,High Roller
634,29,69.8,54.5,7.2,78.3,0,Budget Shopper
635,30,73.3,58.0,22.3,83.1,3,Loyal Regular
636,39,27.3,34.9,7.3,23.9,0,Budget Shopper
637,34,36.5,10.2,4.6,22.5,0,Budget Shopper
638,32,68.2,71.6,24.2,143.9,3,Loyal Regular
639,38,120.4,89.0,34.9,249.0,1,High Roller
640,37,78.6,72.9,22.4,61.3,3,Loyal Regular
641,34,147.2,84.6,17.7,287.0,1,High Roller
642,26,33.4,17.0,2.8,10.2,0,Budget Shopper
643,39,38.1,31.9,2.8,29.8,0,Budget Shopper
644,30,82.3,59.6,29.2,93.9,3,Loyal Regular
645,43,149.4,99.1,38.6,346.0,1,High Roller
646,50,116.5,71.9,35.8,299.7,1,High Roller
647,45,55.8,75.2,27.8,87.2,3,Loyal Regular
648,34,52.7,76.6,13.9,71.3,3,Loyal Regular
649,39,61.1,49.0,3.5,35.3,0,Budget Shopper
650,47,73.6,75.7,24.1,134.2,3,Loyal Regular
651,35,16.2,14.2,6.2,12.5,0,Budget Shopper
652,35,56.2,71.5,23.7,82.6,3,Loyal Regular
653,47,87.3,62.4,12.0,84.5,3,Loyal Regular
654,51,46.4,37.8,7.4,66.3,2,Occasional Buyer
655,45,87.3,72.1,18.0,105.1,3,Loyal Regular
656,31,88.7,68.6,17.0,123.8,3,Loyal Regular
657,57,68.3,43.2,3.9,60.0,2,Occasional Buyer
658,40,83.6,74.6,16.9,142.1,3,Loyal Regular
659,39,30.3,10.5,7.1,38.0,0,Budget Shopper
660,47,41.2,57.9,14.3,77.0,2,Occasional Buyer
661,23,28.6,32.7,5.4,13.5,0,Budget Shopper
662,42,81.2,64.6,20.3,87.3,3,Loyal Regular
663,45,43.7,73.6,24.8,81.1,3,Loyal Regular
664,39,67.8,76.1,26.3,75.8,3,Loyal Regular
665,39,36.3,23.8,4.9,36.3,0,Budget Shopper
666,34,20.6,23.4,5.2,27.4,0,Budget Shopper
667,37,62.2,40.8,10.0,63.5,0,Budget Shopper
668,39,28.8,14.1,3.9,33.3,0,Budget Shopper
669,36,107.5,94.8,34.7,306.1,1,High Roller
670,54,104.2,79.5,34.3,171.6,1,High Roller
671,33,68.4,69.5,20.8,118.0,3,Loyal Regular
672,42,69.2,34.8,8.3,84.5,2,Occasional Buyer
673,30,52.3,66.8,23.9,127.6,3,Loyal Regular
674,42,41.9,43.5,4.8,54.9,2,Occasional Buyer
675,32,18.5,26.0,2.3,20.4,0,Budget Shopper
676,23,21.4,17.4,3.3,35.5,0,Budget Shopper
677,22,33.7,22.6,2.6,37.0,0,Budget Shopper
678,48,84.1,80.0,34.6,326.9,1,High Roller
679,48,63.6,57.3,23.3,109.5,3,Loyal Regular
680,28,15.8,27.4,3.1,37.7,0,Budget Shopper
681,26,55.2,36.2,7.6,55.7,0,Budget Shopper
682,31,53.5,57.0,29.9,74.1,3,Loyal Regular
683,40,78.5,64.9,26.9,75.4,3,Loyal Regular
684,33,27.4,10.9,7.4,17.8,0,Budget Shopper
685,39,80.7,70.3,18.7,83.0,3,Loyal Regular
686,30,32.3,19.7,7.6,14.1,0,Budget Shopper
687,30,88.8,90.3,23.1,321.6,1,High Roller
688,63,38.0,51.9,7.9,30.8,2,Occasional Buyer
689,37,134.0,95.3,34.0,306.6,1,High Roller
690,35,102.9,90.0,35.2,340.6,1,High Roller
691,41,60.6,53.5,2.1,61.4,2,Occasional Buyer
692,28,66.0,47.8,9.5,66.2,0,Budget Shopper
693,43,58.2,43.4,6.3,55.8,2,Occasional Buyer
694,39,63.9,31.6,4.7,34.0,0,Budget Shopper
695,49,63.3,56.9,15.0,65.5,2,Occasional Buyer
696,47,102.9,85.5,17.2,237.7,1,High Roller
697,62,59.3,46.0,5.3,75.5,2,Occasional Buyer
698,51,97.9,89.8,39.5,243.6,1,High Roller
699,38,91.1,88.3,18.4,337.8,1,High Roller
700,29,26.3,27.8,7.3,28.7,0,Budget Shopper
701,44,42.3,60.4,12.3,112.3,3,Loyal Regular
702,44,54.0,45.6,7.2,46.0,2,Occasional Buyer
703,38,86.5,71.9,17.5,93.3,3,Loyal Regular
704,41,57.5,42.3,5.1,68.0,2,Occasional Buyer
705,34,63.3,59.7,24.6,110.1,3,Loyal Regular
706,44,141.0,77.7,31.6,350.1,1,High Roller
707,22,33.5,24.4,6.9,14.2,0,Budget Shopper
708,35,38.3,34.8,2.4,21.4,0,Budget Shopper
709,51,57.1,39.3,9.5,40.0,2,Occasional Buyer
710,40,51.2,65.0,19.4,148.0,3,Loyal Regular
711,61,36.8,52.5,8.2,34.6,2,Occasional Buyer
712,60,51.4,33.6,8.3,55.2,2,Occasional Buyer
713,31,95.7,98.7,29.3,383.2,1,High Roller
714,48,141.1,73.4,32.6,285.2,1,High Roller
715,30,95.2,72.9,15.6,310.5,1,High Roller
716,33,20.5,34.4,6.5,13.4,0,Budget Shopper
717,34,23.0,12.3,4.4,30.6,0,Budget Shopper
718,47,53.8,74.2,16.1,122.3,3,Loyal Regular
719,30,32.2,54.3,3.8,48.3,0,Budget Shopper
720,31,39.7,18.1,6.7,17.6,0,Budget Shopper
721,36,78.0,62.8,19.4,78.9,3,Loyal Regular
722,36,38.9,13.4,4.4,18.1,0,Budget Shopper
723,44,39.2,30.0,7.8,88.0,2,Occasional Buyer
724,47,124.2,92.0,18.3,329.0,1,High Roller
725,31,102.6,99.2,29.5,213.6,1,High Roller
726,46,121.2,84.4,31.1,166.2,1,High Roller
727,26,26.5,15.2,3.5,25.1,0,Budget Shopper
728,37,19.5,24.6,3.9,36.8,0,Budget Shopper
729,27,29.8,19.0,1.6,37.5,0,Budget Shopper
730,45,142.8,85.6,26.2,289.5,1,High Roller
731,35,26.7,33.6,1.7,35.6,0,Budget Shopper
732,53,113.0,70.4,22.1,161.1,1,High Roller
733,49,49.7,75.3,16.9,125.8,3,Loyal Regular
734,47,53.9,76.3,28.7,149.7,3,Loyal Regular
735,32,79.3,70.4,18.2,138.6,3,Loyal Regular
736,40,83.5,74.0,25.1,103.6,3,Loyal Regular
737,38,87.1,68.2,25.2,143.2,3,Loyal Regular
738,36,17.6,28.4,2.3,26.9,0,Budget Shopper
739,51,50.8,31.9,6.8,61.0,2,Occasional Buyer
740,47,122.2,70.7,23.1,309.1,1,High Roller
741,43,74.6,61.8,15.4,76.6,3,Loyal Regular
742,35,86.5,64.7,13.2,61.7,3,Loyal Regular
743,62,67.7,31.9,5.5,61.8,2,Occasional Buyer
744,46,71.3,69.3,15.3,65.4,3,Loyal Regular
745,26,34.7,12.2,3.9,36.4,0,Budget Shopper
746,58,58.2,39.3,6.5,57.0,2,Occasional Buyer
747,42,71.3,55.3,14.6,126.8,3,Loyal Regular
748,33,82.7,59.1,27.4,104.2,3,Loyal Regular
749,44,72.4,60.8,24.3,144.6,3,Loyal Regular
750,36,67.9,79.0,12.9,68.8,3,Loyal Regular
751,29,58.7,51.6,3.4,78.0,0,Budget Shopper
752,38,66.6,76.8,29.9,112.4,3,Loyal Regular
753,42,85.4,66.7,20.4,128.5,3,Loyal Regular
754,37,119.0,75.4,16.3,230.0,1,High Roller
755,34,77.6,75.3,29.0,88.2,3,Loyal Regular
756,33,69.4,37.2,9.7,53.4,0,Budget Shopper
757,49,103.8,94.4,17.0,373.7,1,High Roller
758,36,50.5,76.4,26.8,99.7,3,Loyal Regular
759,45,90.6,83.2,30.4,170.9,1,High Roller
760,52,137.2,72.0,24.7,363.0,1,High Roller
761,38,18.4,10.7,6.3,28.6,0,Budget Shopper
762,51,45.2,50.8,8.7,52.4,2,Occasional Buyer
763,24,23.7,27.0,5.0,18.0,0,Budget Shopper
764,41,45.9,55.0,24.8,92.1,3,Loyal Regular
765,47,67.2,39.8,6.4,61.9,2,Occasional Buyer
766,47,47.2,48.5,8.9,61.9,2,Occasional Buyer
767,48,85.0,70.4,38.9,334.4,1,High Roller
768,35,74.8,70.7,27.5,71.9,3,Loyal Regular
769,45,42.3,71.4,21.6,67.4,3,Loyal Regular
770,27,28.0,31.7,2.7,14.7,0,Budget Shopper
771,48,61.5,75.8,14.2,126.1,3,Loyal Regular
772,33,46.6,40.7,6.3,71.8,0,Budget Shopper
773,41,92.7,85.8,32.7,176.7,1,High Roller
774,59,65.6,32.1,8.5,81.7,2,Occasional Buyer
775,42,128.8,97.9,34.6,164.0,1,High Roller
776,31,67.6,69.9,27.7,111.9,3,Loyal Regular
777,62,33.8,55.0,4.6,74.9,2,Occasional Buyer
778,36,96.0,77.0,20.5,193.4,3,Loyal Regular
779,50,85.1,81.8,27.0,300.0,1,High Roller
780,33,37.6,38.7,6.4,89.5,0,Budget Shopper
781,61,32.8,37.8,9.5,81.0,2,Occasional Buyer
782,26,38.2,39.5,9.9,77.1,0,Budget Shopper
783,44,121.5,87.4,31.6,173.8,1,High Roller
784,39,81.5,72.5,39.2,223.9,1,High Roller
785,32,127.0,79.5,37.0,214.6,1,High Roller
786,30,38.2,34.9,2.2,21.9,0,Budget Shopper
787,31,53.3,63.3,22.0,123.6,3,Loyal Regular
788,34,76.6,75.6,14.6,135.0,3,Loyal Regular
789,41,143.7,83.9,18.4,235.2,1,High Roller
790,45,94.8,94.6,23.1,155.7,1,High Roller
791,29,39.1,54.4,6.3,38.1,0,Budget Shopper
792,63,36.9,53.1,2.5,55.8,2,Occasional Buyer
793,44,46.9,61.9,12.8,143.8,3,Loyal Regular
794,47,49.0,74.9,24.2,109.2,3,Loyal Regular
795,45,69.0,78.4,24.1,103.3,3,Loyal Regular
796,44,69.1,51.4,7.6,73.6,2,Occasional Buyer
797,49,46.5,70.1,27.3,64.0,3,Loyal Regular
798,29,41.6,66.9,19.3,74.5,3,Loyal Regular
799,54,57.2,40.2,2.1,65.0,2,Occasional Buyer
800,47,62.3,70.5,24.0,105.1,3,Loyal Regular
801,61,62.9,51.3,3.7,69.4,2,Occasional Buyer
802,37,83.0,67.5,24.1,81.5,3,Loyal Regular
803,62,41.6,41.7,9.1,72.5,2,Occasional Buyer
804,36,41.6,74.6,16.3,73.0,3,Loyal Regular
805,26,33.4,23.6,5.9,39.1,0,Budget Shopper
806,33,16.7,24.6,3.4,28.6,0,Budget Shopper
807,35,40.8,35.1,4.5,44.5,0,Budget Shopper
808,23,15.3,25.0,5.0,31.5,0,Budget Shopper
809,59,38.0,32.7,8.8,56.3,2,Occasional Buyer
810,25,15.4,22.8,2.6,29.4,0,Budget Shopper
811,46,37.5,48.0,8.9,57.2,2,Occasional Buyer
812,33,37.8,16.2,5.0,15.0,0,Budget Shopper
813,34,65.4,39.6,5.9,47.0,0,Budget Shopper
814,36,52.5,58.0,22.5,147.2,3,Loyal Regular
815,36,63.3,55.3,13.5,83.3,3,Loyal Regular
816,43,50.1,78.4,24.4,134.1,3,Loyal Regular
817,33,44.6,63.0,13.9,71.6,3,Loyal Regular
818,36,62.7,51.3,9.5,35.1,0,Budget Shopper
819,32,38.0,16.3,5.9,12.3,0,Budget Shopper
820,49,59.4,38.3,9.2,46.0,2,Occasional Buyer
821,23,23.5,25.8,7.5,13.1,0,Budget Shopper
822,48,55.0,36.8,5.9,34.9,2,Occasional Buyer
823,56,33.0,39.1,3.8,41.7,2,Occasional Buyer
824,28,48.6,48.1,7.3,72.5,0,Budget Shopper
825,37,131.8,97.5,22.0,364.6,1,High Roller
826,45,49.0,45.9,10.0,36.3,2,Occasional Buyer
827,40,78.3,72.6,18.0,120.8,3,Loyal Regular
828,34,31.7,11.1,5.1,40.0,0,Budget Shopper
829,37,97.3,91.8,39.8,174.8,1,High Roller
830,35,54.8,78.5,26.7,148.5,3,Loyal Regular
831,34,88.7,81.6,31.1,345.1,1,High Roller
832,39,41.2,66.2,16.3,64.5,3,Loyal Regular
833,48,79.0,55.4,26.7,63.6,3,Loyal Regular
834,39,22.4,15.8,1.3,10.5,0,Budget Shopper
835,31,16.2,34.3,2.6,12.7,0,Budget Shopper
836,39,59.0,75.0,19.1,127.6,3,Loyal Regular
837,56,54.4,37.8,4.2,65.9,2,Occasional Buyer
838,45,56.6,74.5,19.9,116.5,3,Loyal Regular
839,60,69.4,48.9,5.1,65.4,2,Occasional Buyer
840,34,40.3,38.9,7.4,33.8,0,Budget Shopper
841,46,58.3,31.6,8.7,30.2,2,Occasional Buyer
842,64,62.1,54.0,6.3,59.3,2,Occasional Buyer
843,25,48.6,51.9,3.6,37.6,0,Budget Shopper
844,29,24.9,12.7,3.3,15.1,0,Budget Shopper
845,45,88.6,69.1,24.9,66.2,3,Loyal Regular
846,50,59.6,32.4,6.8,72.2,2,Occasional Buyer
847,33,39.6,43.3,7.2,68.7,0,Budget Shopper
848,44,149.9,98.0,31.1,255.3,1,High Roller
849,53,50.7,39.5,2.1,53.2,2,Occasional Buyer
850,23,23.8,26.1,5.7,35.9,0,Budget Shopper
851,25,17.0,19.2,2.7,34.1,0,Budget Shopper
852,39,53.6,63.5,20.1,142.2,3,Loyal Regular
853,29,49.7,71.0,16.7,139.7,3,Loyal Regular
854,29,33.2,22.4,5.8,23.0,0,Budget Shopper
855,34,23.3,33.3,1.1,16.8,0,Budget Shopper
856,26,32.3,16.7,2.7,15.0,0,Budget Shopper
857,40,82.5,59.9,14.3,146.7,3,Loyal Regular
858,26,16.2,23.3,7.7,13.3,0,Budget Shopper
859,33,105.8,73.6,25.5,337.8,1,High Roller
860,44,56.6,62.3,12.7,117.3,3,Loyal Regular
861,33,134.2,89.3,28.3,160.5,1,High Roller
862,44,126.5,84.2,36.1,351.4,1,High Roller
863,38,114.1,71.0,16.6,376.6,1,High Roller
864,60,34.7,35.3,4.5,40.0,2,Occasional Buyer
865,44,141.4,83.0,19.0,289.5,1,High Roller
866,26,50.6,50.2,4.0,44.7,0,Budget Shopper
867,41,135.9,94.7,36.4,379.2,1,High Roller
868,38,27.3,28.1,6.7,31.6,0,Budget Shopper
869,26,19.6,12.0,4.0,30.7,0,Budget Shopper
870,31,141.5,87.2,27.9,257.6,1,High Roller
871,56,56.9,54.4,2.8,30.5,2,Occasional Buyer
872,32,28.3,12.7,4.1,26.0,0,Budget Shopper
873,38,73.8,70.9,19.2,112.0,3,Loyal Regular
874,50,69.2,42.1,8.9,65.3,2,Occasional Buyer
875,43,48.6,75.7,22.5,90.4,3,Loyal Regular
876,33,58.3,58.7,15.7,88.2,3,Loyal Regular
877,37,19.6,33.4,5.5,25.5,0,Budget Shopper
878,40,81.8,56.3,20.4,94.2,3,Loyal Regular
879,22,20.0,10.1,6.7,31.2,0,Budget Shopper
880,25,29.2,29.1,7.1,20.3,0,Budget Shopper
881,37,36.2,31.4,3.8,36.6,0,Budget Shopper
882,48,143.9,88.4,36.8,331.0,1,High Roller
883,47,102.6,73.8,26.9,178.5,1,High Roller
884,35,26.8,14.6,4.4,25.4,0,Budget Shopper
885,48,78.1,56.1,23.6,80.4,3,Loyal Regular
886,28,28.1,28.3,1.0,24.0,0,Budget Shopper
887,32,44.9,56.9,18.5,68.3,3,Loyal Regular
888,24,29.3,12.4,5.3,39.7,0,Budget Shopper
889,34,83.6,67.5,25.1,115.7,3,Loyal Regular
890,54,137.5,70.0,22.5,395.3,1,High Roller
891,31,34.7,50.0,3.0,71.9,0,Budget Shopper
892,44,67.6,42.6,9.6,80.0,2,Occasional Buyer
893,44,57.4,30.6,3.4,57.2,2,Occasional Buyer
894,42,90.0,98.2,33.3,190.6,1,High Roller
895,56,47.2,43.7,6.3,68.2,2,Occasional Buyer
896,32,82.2,89.6,24.2,366.1,1,High Roller
897,54,65.3,44.6,8.7,68.6,2,Occasional Buyer
898,48,148.1,94.8,32.5,359.9,1,High Roller
899,44,94.9,71.0,22.6,313.3,1,High Roller
900,34,80.8,76.9,25.9,120.4,3,Loyal Regular
901,33,87.2,60.9,13.9,129.1,3,Loyal Regular
902,39,47.5,76.3,29.8,125.4,3,Loyal Regular
903,39,110.7,91.7,29.8,312.6,1,High Roller
904,28,16.9,11.9,1.0,39.0,0,Budget Shopper
905,36,22.2,25.4,7.4,14.2,0,Budget Shopper
906,38,60.8,30.1,8.9,41.2,0,Budget Shopper
907,40,57.6,44.9,6.0,88.6,2,Occasional Buyer
908,45,95.8,91.1,16.3,271.6,1,High Roller
909,27,55.5,38.1,4.2,41.5,0,Budget Shopper
910,38,115.4,89.0,16.8,213.6,1,High Roller
911,30,89.9,59.8,20.3,98.8,3,Loyal Regular
912,46,66.2,74.4,16.2,91.1,3,Loyal Regular
913,38,36.0,21.7,3.9,18.2,0,Budget Shopper
914,44,48.2,36.7,3.8,37.9,2,Occasional Buyer
915,53,104.0,82.4,34.0,335.9,1,High Roller
916,32,26.5,18.3,2.0,29.5,0,Budget Shopper
917,36,50.4,63.9,24.0,103.5,3,Loyal Regular
918,35,59.7,58.5,12.2,109.0,3,Loyal Regular
919,34,51.8,32.5,7.5,44.5,0,Budget Shopper
920,38,28.4,22.4,3.7,18.9,0,Budget Shopper
921,29,21.2,22.2,2.5,39.6,0,Budget Shopper
922,22,18.8,22.7,5.9,35.8,0,Budget Shopper
923,40,40.5,72.9,24.7,116.0,3,Loyal Regular
924,61,68.2,37.8,9.1,66.2,2,Occasional Buyer
925,35,139.3,82.9,18.5,316.0,1,High Roller
926,52,85.4,80.2,36.7,203.9,1,High Roller
927,49,97.0,89.6,35.3,303.5,1,High Roller
928,24,21.3,20.1,5.0,32.2,0,Budget Shopper
929,34,131.6,93.1,21.1,317.9,1,High Roller
930,48,73.8,56.0,23.2,122.8,3,Loyal Regular
931,53,48.6,54.1,6.2,70.7,2,Occasional Buyer
932,34,107.4,85.0,24.9,284.9,1,High Roller
933,41,79.7,62.0,14.6,88.2,3,Loyal Regular
934,25,19.3,29.3,7.6,15.0,0,Budget Shopper
935,34,18.5,30.1,1.5,39.6,0,Budget Shopper
936,44,117.3,87.4,17.2,329.4,1,High Roller
937,29,58.8,44.1,5.4,49.6,0,Budget Shopper
938,51,148.9,98.1,16.1,191.2,1,High Roller
939,32,85.7,82.1,20.5,254.6,1,High Roller
940,35,19.7,30.9,3.3,19.3,0,Budget Shopper
941,47,55.6,58.1,14.0,118.3,3,Loyal Regular
942,34,86.4,65.8,14.1,106.1,3,Loyal Regular
943,33,48.0,53.9,5.2,80.4,0,Budget Shopper
944,37,40.3,79.5,29.4,95.6,3,Loyal Regular
945,43,149.5,73.9,21.9,248.6,1,High Roller
946,45,42.4,79.0,24.2,116.8,3,Loyal Regular
947,58,63.7,44.5,6.5,36.3,2,Occasional Buyer
948,35,85.2,64.4,21.9,64.6,3,Loyal Regular
949,39,36.8,34.3,7.8,32.5,0,Budget Shopper
950,36,35.0,30.4,8.2,78.4,0,Budget Shopper
951,28,56.0,66.9,17.7,104.0,3,Loyal Regular
952,62,43.5,30.5,3.0,54.8,2,Occasional Buyer
953,26,32.7,51.9,5.1,62.5,0,Budget Shopper
954,32,25.5,13.3,7.3,30.7,0,Budget Shopper
955,43,79.2,66.6,27.6,82.5,3,Loyal Regular
956,26,47.0,52.7,6.1,41.3,0,Budget Shopper
957,42,148.0,77.9,21.8,268.2,1,High Roller
958,41,64.3,46.8,5.3,83.1,2,Occasional Buyer
959,56,43.6,43.5,3.2,63.2,2,Occasional Buyer
960,38,15.9,30.6,3.5,13.8,0,Budget Shopper
961,48,96.6,85.4,17.6,246.1,1,High Roller
962,60,33.4,31.1,7.3,79.4,2,Occasional Buyer
963,36,89.8,59.6,22.7,97.0,3,Loyal Regular
964,37,59.7,42.3,5.9,80.3,0,Budget Shopper
965,45,118.0,74.8,20.1,172.8,1,High Roller
966,25,37.7,16.2,3.9,32.7,0,Budget Shopper
967,33,144.9,71.8,38.4,237.9,1,High Roller
968,32,108.9,94.1,27.0,154.5,1,High Roller
969,26,35.7,34.0,3.4,16.8,0,Budget Shopper
970,53,118.0,85.4,29.7,157.3,1,High Roller
971,37,76.8,60.2,14.4,117.5,3,Loyal Regular
972,27,16.7,20.1,4.5,31.6,0,Budget Shopper
973,44,97.7,92.7,26.5,360.5,1,High Roller
974,39,45.8,70.3,28.9,119.6,3,Loyal Regular
975,36,143.3,97.3,34.5,151.8,1,High Roller
976,38,125.3,96.6,30.0,275.5,1,High Roller
977,38,115.7,94.8,22.0,385.6,1,High Roller
978,38,72.6,60.3,22.0,137.1,3,Loyal Regular
979,39,133.2,85.0,28.6,387.9,1,High Roller
980,31,32.2,42.3,9.4,36.3,0,Budget Shopper
981,38,20.3,18.2,1.8,36.7,0,Budget Shopper
982,53,32.8,34.6,7.3,82.9,2,Occasional Buyer
983,47,68.3,67.9,13.5,109.4,3,Loyal Regular
984,25,26.6,18.8,5.1,12.3,0,Budget Shopper
985,34,83.3,71.1,33.7,314.8,1,High Roller
986,34,20.6,19.9,7.2,14.4,0,Budget Shopper
987,31,111.3,83.8,36.6,286.7,1,High Roller
988,43,98.5,89.4,29.9,250.3,1,High Roller
989,24,16.8,10.2,1.4,12.7,0,Budget Shopper
990,33,84.5,96.3,36.9,232.6,1,High Roller
991,26,23.6,18.7,1.2,26.5,0,Budget Shopper
992,33,40.8,45.7,5.9,51.7,0,Budget Shopper
993,34,20.0,32.4,4.3,26.9,0,Budget Shopper
994,41,53.4,33.3,5.6,57.0,2,Occasional Buyer
995,23,15.7,24.6,7.6,27.3,0,Budget Shopper
996,37,16.9,27.3,4.7,32.5,0,Budget Shopper
997,54,141.0,76.6,39.4,234.2,1,High Roller
998,39,69.6,59.1,12.4,92.6,3,Loyal Regular
999,35,106.0,83.6,24.9,173.4,1,High Roller
1000,39,25.4,24.5,7.4,12.5,0,Budget Shopper
